2024-05-26 22:18:43+00:00,1.309726182371378,103.89645944349468
2024-05-26 22:18:49+00:00,1.3096985220909119,103.89645365998149
2024-05-26 22:18:56+00:00,1.3096647430211306,103.89643538743258
2024-05-26 22:18:57+00:00,1.309670191258192,103.89645114541054
2024-05-26 22:19:03+00:00,1.3096836861222982,103.89649674296379
2024-05-26 22:19:06+00:00,1.3096877932548523,103.89649045653641
2024-05-26 22:19:08+00:00,1.3096918165683746,103.89648878015578
2024-05-26 22:19:13+00:00,1.309660468250513,103.8964769616723
2024-05-26 22:19:20+00:00,1.3095649983733892,103.89647578820586
2024-05-26 22:19:22+00:00,1.3095367513597012,103.8964671548456
2024-05-26 22:19:31+00:00,1.3093966897577047,103.89640253037214
2024-05-26 22:19:39+00:00,1.3094047363847494,103.89622433111072
2024-05-26 22:19:40+00:00,1.3094114419072866,103.89619457535446
2024-05-26 22:19:46+00:00,1.3094591349363327,103.89603615738451
2024-05-26 22:19:52+00:00,1.3094757311046124,103.89586944133043
2024-05-26 22:19:58+00:00,1.3095160480588675,103.89571756124496
2024-05-26 22:20:04+00:00,1.3095344882458448,103.8955651782453
2024-05-26 22:20:11+00:00,1.309523843228817,103.89539192430675
2024-05-26 22:20:19+00:00,1.3095266930758953,103.89519268646836
2024-05-26 22:20:24+00:00,1.3095271959900856,103.89505865983665
2024-05-26 22:20:30+00:00,1.3095360808074474,103.89490719884634
2024-05-26 22:20:36+00:00,1.3095120247453451,103.89472061768174
2024-05-26 22:20:41+00:00,1.3094783294945955,103.8945775385946
2024-05-26 22:20:46+00:00,1.309466427192092,103.89441794715822
2024-05-26 22:20:51+00:00,1.3094060774892569,103.89424863271415
2024-05-26 22:20:58+00:00,1.3093548640608788,103.89404973015189
2024-05-26 22:20:59+00:00,1.3093475718051195,103.8940219860524
2024-05-26 22:21:05+00:00,1.3093201629817486,103.8938695192337
2024-05-26 22:21:11+00:00,1.3092958554625511,103.89370305463672
2024-05-26 22:21:17+00:00,1.3092607352882624,103.89352913014591
2024-05-26 22:21:23+00:00,1.3092297222465277,103.89334087260067
2024-05-26 22:21:26+00:00,1.309224022552371,103.89325437135994
2024-05-26 22:21:30+00:00,1.3092007208615541,103.89315546490252
2024-05-26 22:21:37+00:00,1.3091496750712395,103.89296134002507
2024-05-26 22:21:42+00:00,1.3090651854872704,103.89286855235696
2024-05-26 22:21:44+00:00,1.3090174924582243,103.8928522914648
2024-05-26 22:21:46+00:00,1.3090145587921143,103.89280216768384
2024-05-26 22:21:47+00:00,1.3090301491320133,103.89278213493526
2024-05-26 22:21:50+00:00,1.309075579047203,103.89271499589086
2024-05-26 22:21:56+00:00,1.3090915884822607,103.89254752546549
2024-05-26 22:22:03+00:00,1.3090466614812613,103.89235465787351
2024-05-26 22:22:09+00:00,1.3089649379253387,103.89217612333596
2024-05-26 22:22:10+00:00,1.3089575618505478,103.89214435592294
2024-05-26 22:22:16+00:00,1.3089337572455406,103.8919560983777
2024-05-26 22:22:19+00:00,1.3089254591614008,103.89186322689056
2024-05-26 22:22:26+00:00,1.3088746648281813,103.89168812893331
2024-05-26 22:22:27+00:00,1.3088649418205023,103.89166063629091
2024-05-26 22:22:32+00:00,1.3088366948068142,103.89150674454868
2024-05-26 22:22:37+00:00,1.3088242895901203,103.89137799851596
2024-05-26 22:22:44+00:00,1.3087948691099882,103.89118345454335
2024-05-26 22:22:51+00:00,1.3087694719433784,103.89099326916039
2024-05-26 22:22:58+00:00,1.3087262213230133,103.8907958753407
2024-05-26 22:23:04+00:00,1.308688335120678,103.89063586480916
2024-05-26 22:23:11+00:00,1.3086469285190105,103.8904300890863
2024-05-26 22:23:18+00:00,1.3086171727627516,103.89023277908564
2024-05-26 22:23:24+00:00,1.3085909374058247,103.89004963450134
2024-05-26 22:23:25+00:00,1.3085847347974777,103.89002189040184
2024-05-26 22:23:29+00:00,1.3085424900054932,103.88991904444993
2024-05-26 22:23:30+00:00,1.3085206970572472,103.8898999337107
2024-05-26 22:23:35+00:00,1.3084695674479008,103.8897749595344
2024-05-26 22:23:41+00:00,1.308427657932043,103.88959927484393
2024-05-26 22:23:46+00:00,1.3083765283226967,103.88946457765996
2024-05-26 22:23:51+00:00,1.3083607703447342,103.88933951966465
2024-05-26 22:23:58+00:00,1.3083289191126823,103.88916064985096
2024-05-26 22:24:03+00:00,1.3083085510879755,103.88902863487601
2024-05-26 22:24:11+00:00,1.3082767836749554,103.88884079642594
2024-05-26 22:24:17+00:00,1.3082792982459068,103.8886963762343
2024-05-26 22:24:18+00:00,1.308280723169446,103.88866896741092
2024-05-26 22:24:24+00:00,1.3082662224769592,103.888486828655
2024-05-26 22:24:25+00:00,1.3082599360495806,103.88845556415617
2024-05-26 22:24:32+00:00,1.3082535658031702,103.88825305737555
2024-05-26 22:24:33+00:00,1.308256583288312,103.88823017477989
2024-05-26 22:24:40+00:00,1.308230683207512,103.88806689530611
2024-05-26 22:24:46+00:00,1.3081809785217047,103.88788366690278
2024-05-26 22:24:47+00:00,1.308164382353425,103.88785667717457
2024-05-26 22:24:50+00:00,1.3081326987594366,103.88776564970613
2024-05-26 22:24:51+00:00,1.3081309385597706,103.88773245736957
2024-05-26 22:24:55+00:00,1.3080980814993382,103.88764067552984
2024-05-26 22:24:56+00:00,1.3080872688442469,103.88761586509645
2024-05-26 22:25:00+00:00,1.3080671522766352,103.88751528225839
2024-05-26 22:25:01+00:00,1.3080614525824785,103.88748846016824
2024-05-26 22:25:07+00:00,1.3080513942986727,103.8873091712594
2024-05-26 22:25:10+00:00,1.308040078729391,103.88723348267376
2024-05-26 22:25:12+00:00,1.3080303557217121,103.8871870469302
2024-05-26 22:25:18+00:00,1.3080110773444176,103.88703449629247
2024-05-26 22:25:25+00:00,1.3079668208956718,103.88684389181435
2024-05-26 22:25:31+00:00,1.3079201336950064,103.88664565980434
2024-05-26 22:25:38+00:00,1.307851318269968,103.88646125793457
2024-05-26 22:25:40+00:00,1.307839835062623,103.8864182587713
2024-05-26 22:25:42+00:00,1.3078213948756456,103.88638129457831
2024-05-26 22:25:45+00:00,1.3077783957123756,103.88632689602673
2024-05-26 22:25:52+00:00,1.3077039644122124,103.88618398457766
2024-05-26 22:25:59+00:00,1.3076377473771572,103.88602992519736
2024-05-26 22:26:03+00:00,1.3075907249003649,103.88593269512057
2024-05-26 22:26:05+00:00,1.3075705245137215,103.88588768430054
2024-05-26 22:26:09+00:00,1.3075207360088825,103.8857826590538
2024-05-26 22:26:10+00:00,1.307521741837263,103.885762039572
2024-05-26 22:26:12+00:00,1.3075086660683155,103.88570227660239
2024-05-26 22:26:14+00:00,1.307472875341773,103.88564611785114
2024-05-26 22:26:19+00:00,1.307409256696701,103.88546976260841
2024-05-26 22:26:20+00:00,1.3073972705751657,103.88542265631258
2024-05-26 22:26:25+00:00,1.3073726277798414,103.88524043373764
2024-05-26 22:26:26+00:00,1.3073719572275877,103.88519483618438
2024-05-26 22:26:32+00:00,1.3073260243982077,103.88500808738172
2024-05-26 22:26:33+00:00,1.3073233421891928,103.88498193584383
2024-05-26 22:26:36+00:00,1.3073178939521313,103.88492166996002
2024-05-26 22:26:41+00:00,1.3072844501584768,103.88484623283148
2024-05-26 22:26:42+00:00,1.307270536199212,103.88483164831996
2024-05-26 22:26:43+00:00,1.3072620704770088,103.8848137948662
2024-05-26 22:26:48+00:00,1.307223429903388,103.88470793142915
2024-05-26 22:26:53+00:00,1.3071223441511393,103.88452579267323
2024-05-26 22:26:55+00:00,1.3070842903107405,103.88446225784719
2024-05-26 22:27:00+00:00,1.3069870602339506,103.88432253152132
2024-05-26 22:27:06+00:00,1.3068831246346235,103.8841678854078
2024-05-26 22:27:09+00:00,1.3068424724042416,103.88407903723419
2024-05-26 22:27:12+00:00,1.3068253733217716,103.88397811912
2024-05-26 22:27:18+00:00,1.306753121316433,103.88380385935307
2024-05-26 22:27:20+00:00,1.306724539026618,103.88374795205891
2024-05-26 22:27:26+00:00,1.3066210225224495,103.88359867036343
2024-05-26 22:27:27+00:00,1.30661029368639,103.8835774641484
2024-05-26 22:27:32+00:00,1.3065551407635212,103.88347461819649
2024-05-26 22:27:37+00:00,1.3065194338560104,103.88337101787329
2024-05-26 22:27:40+00:00,1.306476267054677,103.88332332484424
2024-05-26 22:27:42+00:00,1.306446846574545,103.88333363458514
2024-05-26 22:27:43+00:00,1.3064283225685358,103.88333095237613
2024-05-26 22:27:46+00:00,1.3063889276236296,103.88328057713807
2024-05-26 22:27:51+00:00,1.3063134904950857,103.8831651583314
2024-05-26 22:27:52+00:00,1.3062990736216307,103.88315426185727
2024-05-26 22:27:54+00:00,1.3062861654907465,103.88311645947397
2024-05-26 22:27:55+00:00,1.3062908593565226,103.88308578170836
2024-05-26 22:27:59+00:00,1.3063026778399944,103.8829595502466
2024-05-26 22:28:04+00:00,1.3062401488423347,103.8828057423234
2024-05-26 22:28:10+00:00,1.306148199364543,103.8826384395361
2024-05-26 22:28:14+00:00,1.3061103969812393,103.88258378952742
2024-05-26 22:28:16+00:00,1.306104026734829,103.88257096521556
2024-05-26 22:28:19+00:00,1.306059854105115,103.88254984281957
2024-05-26 22:28:25+00:00,1.3060136698186398,103.8825171533972
2024-05-26 22:28:36+00:00,1.3059535715728998,103.88239905238152
2024-05-26 22:28:42+00:00,1.3058718480169773,103.88222437351942
2024-05-26 22:28:46+00:00,1.3057758752256632,103.88214038684964
2024-05-26 22:28:47+00:00,1.305746790021658,103.88213166967034
2024-05-26 22:28:51+00:00,1.3056565169245005,103.88209864497185
2024-05-26 22:28:52+00:00,1.3056561816483736,103.88208565302193
2024-05-26 22:28:59+00:00,1.3056640606373549,103.88188323006034
2024-05-26 22:29:05+00:00,1.305601866915822,103.8816936314106
2024-05-26 22:29:11+00:00,1.305542355403304,103.88153932057321
2024-05-26 22:29:17+00:00,1.3054680917412043,103.88135466724634
2024-05-26 22:29:18+00:00,1.3054515793919563,103.88132357038558
2024-05-26 22:29:24+00:00,1.3053543493151665,103.88115174137056
2024-05-26 22:29:27+00:00,1.3053116854280233,103.88106741942465
2024-05-26 22:29:28+00:00,1.3052933290600777,103.88104529120028
2024-05-26 22:29:30+00:00,1.3052335660904646,103.88103514909744
2024-05-26 22:29:37+00:00,1.3050423748791218,103.88107823207974
2024-05-26 22:29:44+00:00,1.3048518542200327,103.88114696368575
2024-05-26 22:29:47+00:00,1.3047682866454124,103.88116699643433
2024-05-26 22:29:49+00:00,1.3047158997505903,103.88117487542331
2024-05-26 22:29:56+00:00,1.3045185897499323,103.88118233531713
2024-05-26 22:30:03+00:00,1.3043336849659681,103.88127042911947
2024-05-26 22:30:10+00:00,1.3041432481259108,103.8813447766006
2024-05-26 22:30:11+00:00,1.3041194435209036,103.88135433197021
2024-05-26 22:30:17+00:00,1.3039587624371052,103.88143789954484
2024-05-26 22:30:23+00:00,1.3037781324237585,103.88150847516954
2024-05-26 22:30:24+00:00,1.3037480413913727,103.88151844963431
2024-05-26 22:30:31+00:00,1.3035816606134176,103.88161542825401
2024-05-26 22:30:32+00:00,1.3035587780177593,103.88162397779524
2024-05-26 22:30:33+00:00,1.3035331293940544,103.88162355870008
2024-05-26 22:30:35+00:00,1.3034957461059093,103.88160235248506
2024-05-26 22:30:42+00:00,1.3033968396484852,103.88144737109542
2024-05-26 22:30:46+00:00,1.303403964266181,103.881348464638
2024-05-26 22:30:52+00:00,1.303532961755991,103.88119046576321
2024-05-26 22:30:53+00:00,1.3035517372190952,103.88116942718625
2024-05-26 22:31:00+00:00,1.3036471232771873,103.88099634088576
2024-05-26 22:31:02+00:00,1.3036307785660028,103.8809322193265
2024-05-26 22:31:04+00:00,1.3035755418241024,103.88089433312416
2024-05-26 22:31:10+00:00,1.3034193869680166,103.8807609770447
2024-05-26 22:31:13+00:00,1.3033531699329615,103.88070163317025
2024-05-26 22:31:19+00:00,1.3032088335603476,103.88058805838227
2024-05-26 22:31:22+00:00,1.3031438738107681,103.88052586466074
2024-05-26 22:31:28+00:00,1.3030030578374863,103.88040306977928
2024-05-26 22:31:29+00:00,1.302981935441494,103.88038655743003
2024-05-26 22:31:35+00:00,1.3028463162481785,103.88026778586209
2024-05-26 22:31:41+00:00,1.3026932626962662,103.88014758937061
2024-05-26 22:31:48+00:00,1.3025355990976095,103.88001607730985
2024-05-26 22:31:54+00:00,1.3024510256946087,103.8799165841192
2024-05-26 22:32:00+00:00,1.3023058511316776,103.87979186140001
2024-05-26 22:32:07+00:00,1.302154390141368,103.87965247035027
2024-05-26 22:32:09+00:00,1.3021185994148254,103.87961944565177
2024-05-26 22:32:14+00:00,1.3020605966448784,103.87958097271621
2024-05-26 22:32:15+00:00,1.3020535558462143,103.87957233935595
2024-05-26 22:32:17+00:00,1.3020338583737612,103.8795507978648
2024-05-26 22:32:18+00:00,1.3020199444144964,103.87954266741872
2024-05-26 22:32:24+00:00,1.3019356224685907,103.87948826886714
2024-05-26 22:32:30+00:00,1.3018020987510681,103.8793816510588
2024-05-26 22:32:31+00:00,1.3017873466014862,103.87936161831021
2024-05-26 22:32:34+00:00,1.3017334509640932,103.87929858639836
2024-05-26 22:32:40+00:00,1.3016212172806263,103.87917034327984
2024-05-26 22:32:45+00:00,1.3015166949480772,103.87906573712826
2024-05-26 22:32:51+00:00,1.301428433507681,103.87887932360172
2024-05-26 22:32:52+00:00,1.3014191295951605,103.87884101830423
2024-05-26 22:32:58+00:00,1.3013292755931616,103.87867907993495
2024-05-26 22:32:59+00:00,1.3013170380145311,103.87865175493062
2024-05-26 22:33:03+00:00,1.3012409303337336,103.87854287400842
2024-05-26 22:33:09+00:00,1.3011510763317347,103.87837238609791
2024-05-26 22:33:12+00:00,1.3011313788592815,103.87831119820476
2024-05-26 22:33:14+00:00,1.3011252600699663,103.87829007580876
2024-05-26 22:33:17+00:00,1.3011339772492647,103.8782674446702
2024-05-26 22:33:18+00:00,1.301136240363121,103.87827599421144
2024-05-26 22:33:19+00:00,1.3011370785534382,103.87827859260142
2024-05-26 22:33:24+00:00,1.3011273555457592,103.87828638777137
2024-05-26 22:33:31+00:00,1.3011237513273954,103.8782743178308
2024-05-26 22:33:40+00:00,1.3011221587657928,103.87825805693865
2024-05-26 22:33:46+00:00,1.3010464701801538,103.87806703336537
2024-05-26 22:33:52+00:00,1.300936248153448,103.87791272252798
2024-05-26 22:33:58+00:00,1.3008543569594622,103.87774935923517
2024-05-26 22:33:59+00:00,1.3008403591811657,103.87772228568792
2024-05-26 22:34:05+00:00,1.300771376118064,103.87755515053868
2024-05-26 22:34:06+00:00,1.300760479643941,103.87752941809595
2024-05-26 22:34:13+00:00,1.3006834499537945,103.87733814306557
2024-05-26 22:34:14+00:00,1.3006707932800055,103.87731484137475
2024-05-26 22:34:21+00:00,1.300582867115736,103.87715357355773
2024-05-26 22:34:26+00:00,1.3005179911851883,103.87701728381217
2024-05-26 22:34:33+00:00,1.3004234433174133,103.87683849781752
2024-05-26 22:34:35+00:00,1.3003995548933744,103.876789547503
2024-05-26 22:34:42+00:00,1.3003231957554817,103.87659818865359
2024-05-26 22:34:47+00:00,1.3002665340900421,103.87646525166929
2024-05-26 22:34:52+00:00,1.300209118053317,103.8763331528753
2024-05-26 22:34:58+00:00,1.3001389615237713,103.87616249732673
2024-05-26 22:35:04+00:00,1.3001611735671759,103.87599846348166
2024-05-26 22:35:09+00:00,1.3001630175858736,103.87582956813276
2024-05-26 22:35:15+00:00,1.3000760972499847,103.87564709410071
2024-05-26 22:35:20+00:00,1.3000068627297878,103.87549705803394
2024-05-26 22:35:26+00:00,1.2999106384813786,103.8753264863044
2024-05-26 22:35:31+00:00,1.2998239696025848,103.87518499977887
2024-05-26 22:35:37+00:00,1.2997221294790506,103.87502976693213
2024-05-26 22:35:38+00:00,1.2997035216540098,103.87501233257353
2024-05-26 22:35:43+00:00,1.2995973229408264,103.87494334951043
2024-05-26 22:35:48+00:00,1.2995429243892431,103.87482424266636
2024-05-26 22:35:55+00:00,1.2994781322777271,103.8746517430991
2024-05-26 22:36:01+00:00,1.2995104864239693,103.87449801899493
2024-05-26 22:36:08+00:00,1.2995869293808937,103.87433691881597
2024-05-26 22:36:14+00:00,1.2996638752520084,103.87418696656823
2024-05-26 22:36:16+00:00,1.2996506318449974,103.87412644922733
2024-05-26 22:36:18+00:00,1.2996075488626957,103.8740986213088
2024-05-26 22:36:25+00:00,1.2994398269802332,103.87397322803736
2024-05-26 22:36:26+00:00,1.2994140945374966,103.87395227327943
2024-05-26 22:36:32+00:00,1.2992527429014444,103.87383685447276
2024-05-26 22:36:34+00:00,1.299201948568225,103.87379536405206
2024-05-26 22:36:41+00:00,1.2990479730069637,103.87368832714856
2024-05-26 22:36:48+00:00,1.29888947121799,103.8735874928534
2024-05-26 22:36:54+00:00,1.2987417820841074,103.87348934076726
2024-05-26 22:37:00+00:00,1.2985618226230145,103.87339009903371
2024-05-26 22:37:01+00:00,1.2985394429415464,103.87336512096226
2024-05-26 22:37:06+00:00,1.298499796539545,103.87322539463639
2024-05-26 22:37:11+00:00,1.2984794285148382,103.87309052981436
2024-05-26 22:37:16+00:00,1.2984607368707657,103.87294736690819
2024-05-26 22:37:22+00:00,1.2984321545809507,103.87275575660169
2024-05-26 22:37:29+00:00,1.2983436416834593,103.87257177382708
2024-05-26 22:37:35+00:00,1.2983960285782814,103.87240095064044
2024-05-26 22:37:41+00:00,1.29844824783504,103.87221612967551
2024-05-26 22:37:47+00:00,1.2985163927078247,103.8720366731286
2024-05-26 22:37:48+00:00,1.298524271696806,103.87201001867652
2024-05-26 22:37:53+00:00,1.2985412869602442,103.87187666259706
2024-05-26 22:37:54+00:00,1.298523098230362,103.87185445055366
2024-05-26 22:38:00+00:00,1.2984368484467268,103.87169209308922
2024-05-26 22:38:06+00:00,1.2984003871679306,103.8715168274939
2024-05-26 22:38:12+00:00,1.2983423843979836,103.87133024632931
2024-05-26 22:38:15+00:00,1.2983067613095045,103.871252797544
2024-05-26 22:38:21+00:00,1.2982617504894733,103.87107719667256
2024-05-26 22:38:28+00:00,1.298206765204668,103.8708888553083
2024-05-26 22:38:29+00:00,1.298195030540228,103.87085977010429
2024-05-26 22:38:35+00:00,1.2981424760073423,103.87067344039679
2024-05-26 22:38:36+00:00,1.2981292326003313,103.87064963579178
2024-05-26 22:38:43+00:00,1.298053627833724,103.87046414427459
2024-05-26 22:38:48+00:00,1.2980301585048437,103.87030337937176
2024-05-26 22:38:53+00:00,1.2980796955525875,103.87016323395073
2024-05-26 22:39:00+00:00,1.2980239558964968,103.86996919289231
2024-05-26 22:39:05+00:00,1.298016496002674,103.86982686817646
2024-05-26 22:39:12+00:00,1.2979642767459154,103.86966249905527
2024-05-26 22:39:17+00:00,1.2979468423873186,103.86953727342188
2024-05-26 22:39:24+00:00,1.2979469262063503,103.86937893927097
2024-05-26 22:39:31+00:00,1.2979461718350649,103.86917584575713
2024-05-26 22:39:36+00:00,1.297937873750925,103.8690478540957
2024-05-26 22:39:41+00:00,1.297947932034731,103.86891013942659
2024-05-26 22:39:48+00:00,1.297944076359272,103.86869589798152
2024-05-26 22:39:54+00:00,1.2979340180754662,103.86851862072945
2024-05-26 22:40:01+00:00,1.2979354429990053,103.86832642368972
2024-05-26 22:40:08+00:00,1.2979425676167011,103.86812324635684
2024-05-26 22:40:14+00:00,1.2979540508240461,103.86791763827205
2024-05-26 22:40:20+00:00,1.297959079965949,103.86772074736655
2024-05-26 22:40:21+00:00,1.2979607563465834,103.86768738739192
2024-05-26 22:40:24+00:00,1.297954386100173,103.8676093518734
2024-05-26 22:40:26+00:00,1.2979809567332268,103.86758018285036
2024-05-26 22:40:31+00:00,1.298111965879798,103.86754891835153
2024-05-26 22:40:37+00:00,1.2982838787138462,103.86749569326639
2024-05-26 22:40:42+00:00,1.298372559249401,103.86738915927708
2024-05-26 22:40:48+00:00,1.2984578870236874,103.86719168163836
2024-05-26 22:40:49+00:00,1.2984712980687618,103.86715438216925
2024-05-26 22:40:54+00:00,1.2985224276781082,103.86696511879563
2024-05-26 22:40:55+00:00,1.298523684963584,103.86693452484906
2024-05-26 22:41:01+00:00,1.2985088489949703,103.86674635112286
2024-05-26 22:41:07+00:00,1.2984627485275269,103.86663193814456
2024-05-26 22:41:13+00:00,1.2984186597168446,103.86654359288514
2024-05-26 22:41:19+00:00,1.2982772570103407,103.86642767116427
2024-05-26 22:41:24+00:00,1.2981704715639353,103.86633806861937
2024-05-26 22:41:30+00:00,1.2979786936193705,103.86626472696662
2024-05-26 22:41:31+00:00,1.2979528773576021,103.86625374667346
2024-05-26 22:41:37+00:00,1.2977877538651228,103.86618937365711
2024-05-26 22:41:44+00:00,1.297582732513547,103.8661433570087
2024-05-26 22:41:49+00:00,1.2974386475980282,103.86612298898399
2024-05-26 22:41:56+00:00,1.2972397450357676,103.8660876173526
2024-05-26 22:42:02+00:00,1.297054337337613,103.86608501896262
2024-05-26 22:42:04+00:00,1.2969912216067314,103.8660828396678
2024-05-26 22:42:10+00:00,1.2968065682798624,103.8660709373653
2024-05-26 22:42:11+00:00,1.2967735435813665,103.86606448329985
2024-05-26 22:42:18+00:00,1.296564331278205,103.86606481857598
2024-05-26 22:42:25+00:00,1.2963620759546757,103.86607496067882
2024-05-26 22:42:26+00:00,1.2963479943573475,103.86607822962105
2024-05-26 22:42:31+00:00,1.296281022951007,103.86607613414526
2024-05-26 22:42:37+00:00,1.2961880676448345,103.86606297455728
2024-05-26 22:42:42+00:00,1.296103075146675,103.86604243889451
2024-05-26 22:42:45+00:00,1.2960605788975954,103.86603992432356
2024-05-26 22:42:48+00:00,1.2960184179246426,103.86604176834226
2024-05-26 22:42:54+00:00,1.2958823796361685,103.8660722784698
2024-05-26 22:43:01+00:00,1.2956731673330069,103.86610077694058
2024-05-26 22:43:07+00:00,1.2954942975193262,103.8661446981132
2024-05-26 22:43:09+00:00,1.2954318523406982,103.86615827679634
2024-05-26 22:43:15+00:00,1.2952483724802732,103.86619918048382
2024-05-26 22:43:21+00:00,1.295068496838212,103.86622323654592
2024-05-26 22:43:23+00:00,1.2950085662305355,103.86623195372522
2024-05-26 22:43:31+00:00,1.294813184067607,103.8662678282708
2024-05-26 22:43:37+00:00,1.2946225795894861,103.86632951907814
2024-05-26 22:43:40+00:00,1.2945693545043468,103.86637444607913
2024-05-26 22:43:44+00:00,1.2945171352475882,103.86642867699265
2024-05-26 22:43:45+00:00,1.2945054844021797,103.8664364721626
2024-05-26 22:43:46+00:00,1.29448595456779,103.86643999256194
2024-05-26 22:43:49+00:00,1.2944057397544384,103.86649455875158
2024-05-26 22:43:55+00:00,1.2942379340529442,103.86657083407044
2024-05-26 22:43:56+00:00,1.2941980361938477,103.86657091788948
2024-05-26 22:43:58+00:00,1.294157886877656,103.86660209856927
2024-05-26 22:44:04+00:00,1.2941671907901764,103.86676755733788
2024-05-26 22:44:10+00:00,1.2942157220095396,103.86692429892719
2024-05-26 22:44:16+00:00,1.2942437175661325,103.86708145961165
2024-05-26 22:44:22+00:00,1.2942560389637947,103.86725354008377
2024-05-26 22:44:28+00:00,1.2942769937217236,103.86741707101464
2024-05-26 22:44:35+00:00,1.2943261954933405,103.86759485118091
2024-05-26 22:44:40+00:00,1.2943847849965096,103.86771831661463
2024-05-26 22:44:45+00:00,1.2944094277918339,103.86785955168307
2024-05-26 22:44:47+00:00,1.2944290414452553,103.86789173819125
2024-05-26 22:44:51+00:00,1.294441195204854,103.86797304265201
2024-05-26 22:44:52+00:00,1.29444002173841,103.86799181811512
2024-05-26 22:44:56+00:00,1.2944065779447556,103.86807178147137
2024-05-26 22:44:57+00:00,1.2944080866873264,103.86808502487838
2024-05-26 22:44:58+00:00,1.29440288990736,103.86809868738055
2024-05-26 22:45:01+00:00,1.2943954300135374,103.86814562603831
2024-05-26 22:45:07+00:00,1.2944092601537704,103.86823447421193
2024-05-26 22:45:11+00:00,1.2944603897631168,103.86830228380859
2024-05-26 22:45:12+00:00,1.2944872956722975,103.86831007897854
2024-05-26 22:45:16+00:00,1.2945803347975016,103.86834528297186
2024-05-26 22:45:17+00:00,1.2946007866412401,103.86835995130241
2024-05-26 22:45:19+00:00,1.2946426961570978,103.86838995851576
2024-05-26 22:45:21+00:00,1.294693574309349,103.86841309256852
2024-05-26 22:45:28+00:00,1.2948477175086737,103.86852725408971
2024-05-26 22:45:30+00:00,1.2948522437363863,103.86856329627335
2024-05-26 22:45:32+00:00,1.29478988237679,103.86861065402627
2024-05-26 22:45:35+00:00,1.2947450391948223,103.86866999790072
2024-05-26 22:45:37+00:00,1.2947437819093466,103.86870821937919
2024-05-26 22:45:39+00:00,1.2946642376482487,103.86878089047968
2024-05-26 22:45:41+00:00,1.2945831846445799,103.8688229676336
2024-05-26 22:45:48+00:00,1.294576982036233,103.86882657185197
2024-05-26 22:45:54+00:00,1.2945524230599403,103.8688543997705
2024-05-26 22:46:00+00:00,1.2945927400141954,103.86880352161825
2024-05-26 22:46:05+00:00,1.2946460489183664,103.86881567537785
2024-05-26 22:46:12+00:00,1.2946819234639406,103.86881919577718
2024-05-26 22:46:21+00:00,1.2946533411741257,103.86875473894179
2024-05-26 22:46:28+00:00,1.2946310453116894,103.86867552995682
2024-05-26 22:46:30+00:00,1.2946228310465813,103.86865315027535
2024-05-26 22:46:34+00:00,1.2946111802011728,103.86859497986734
2024-05-26 22:46:38+00:00,1.2945852801203728,103.86849774979055
2024-05-26 22:46:45+00:00,1.294544292613864,103.86829222552478
2024-05-26 22:46:51+00:00,1.2945166323333979,103.86811218224466
2024-05-26 22:46:52+00:00,1.2945099268108606,103.86808452196419
2024-05-26 22:46:59+00:00,1.2944799195975065,103.8678876310587
2024-05-26 22:47:00+00:00,1.294476566836238,103.86786223389208
2024-05-26 22:47:06+00:00,1.2944528460502625,103.86770339682698
2024-05-26 22:47:12+00:00,1.2944324780255556,103.86753785423934
2024-05-26 22:47:19+00:00,1.2944065779447556,103.86734959669411
2024-05-26 22:47:20+00:00,1.29439408890903,103.86732403188944
2024-05-26 22:47:27+00:00,1.2943280395120382,103.86715924367309
2024-05-26 22:47:34+00:00,1.2942991219460964,103.8669806253165
2024-05-26 22:47:35+00:00,1.2942908238619566,103.86695598252118
2024-05-26 22:47:40+00:00,1.2942822743207216,103.86681449599564
2024-05-26 22:47:47+00:00,1.2942713778465986,103.86660327203572
2024-05-26 22:47:48+00:00,1.2942667677998543,103.86657586321235
2024-05-26 22:47:55+00:00,1.2942214217036963,103.86638785712421
2024-05-26 22:47:56+00:00,1.2942150514572859,103.86636103503406
2024-05-26 22:48:02+00:00,1.2941948510706425,103.86617395095527
2024-05-26 22:48:04+00:00,1.2941898219287395,103.86611158959568
2024-05-26 22:48:11+00:00,1.2941571325063705,103.86591763235629
2024-05-26 22:48:12+00:00,1.2941506784409285,103.86588955298066
2024-05-26 22:48:19+00:00,1.2941146362572908,103.86569333262742
2024-05-26 22:48:20+00:00,1.2941085174679756,103.86566575616598
2024-05-26 22:48:26+00:00,1.2940846290439367,103.8655228447169
2024-05-26 22:48:32+00:00,1.294048922136426,103.86531648226082
2024-05-26 22:48:33+00:00,1.2940423842519522,103.86528722941875
2024-05-26 22:48:39+00:00,1.2939839623868465,103.86510726995766
2024-05-26 22:48:41+00:00,1.2939660251140594,103.86504365131259
2024-05-26 22:48:48+00:00,1.2938986346125603,103.86485413648188
2024-05-26 22:48:49+00:00,1.2938915938138962,103.86482815258205
2024-05-26 22:48:55+00:00,1.2938360217958689,103.86466939933598
2024-05-26 22:49:02+00:00,1.2937792763113976,103.8644781243056
2024-05-26 22:49:08+00:00,1.2937174178659916,103.86431073769927
2024-05-26 22:49:15+00:00,1.2936379574239254,103.86412197723985
2024-05-26 22:49:16+00:00,1.2936256360262632,103.86409859173
2024-05-26 22:49:23+00:00,1.2935360334813595,103.86391829699278
2024-05-26 22:49:24+00:00,1.2935204431414604,103.86389021761715
2024-05-26 22:49:30+00:00,1.2934205308556557,103.86371805332601
2024-05-26 22:49:33+00:00,1.2933782860636711,103.86364378966391
2024-05-26 22:49:39+00:00,1.2932786252349615,103.86348319239914
2024-05-26 22:49:40+00:00,1.2932613585144281,103.86345838196576
2024-05-26 22:49:47+00:00,1.2931286729872227,103.86329317465425
2024-05-26 22:49:53+00:00,1.2929955683648586,103.86316149495542
2024-05-26 22:49:56+00:00,1.2929251603782177,103.86309368535876
2024-05-26 22:50:02+00:00,1.2927979230880737,103.86295462958515
2024-05-26 22:50:04+00:00,1.292752493172884,103.8629085291177
2024-05-26 22:50:10+00:00,1.2926473841071129,103.86276058852673
2024-05-26 22:50:11+00:00,1.2926297821104527,103.86273485608399
2024-05-26 22:50:17+00:00,1.292555183172226,103.86255925521255
2024-05-26 22:50:23+00:00,1.2925011198967695,103.86238432489336
2024-05-26 22:50:24+00:00,1.2924973480403423,103.86235448531806
2024-05-26 22:50:30+00:00,1.2924898881465197,103.86217217892408
2024-05-26 22:50:31+00:00,1.2924876250326633,103.86214359663427
2024-05-26 22:50:36+00:00,1.2925070710480213,103.862026585266
2024-05-26 22:50:40+00:00,1.2925274390727282,103.86193958111107
2024-05-26 22:50:41+00:00,1.2925378326326609,103.86191627942026
2024-05-26 22:50:43+00:00,1.292552249506116,103.86184285394847
2024-05-26 22:50:44+00:00,1.2925446219742298,103.86183246038854
2024-05-26 22:50:51+00:00,1.2924722861498594,103.86177185922861
2024-05-26 22:51:00+00:00,1.2924162950366735,103.86174604296684
2024-05-26 22:51:06+00:00,1.2923511676490307,103.86161067523062
2024-05-26 22:51:07+00:00,1.2923294585198164,103.86160145513713
2024-05-26 22:51:13+00:00,1.292191157117486,103.86158477514982
2024-05-26 22:51:14+00:00,1.2921712920069695,103.86157857254148
2024-05-26 22:51:18+00:00,1.2920681945979595,103.86157505214214
2024-05-26 22:51:23+00:00,1.2919407896697521,103.86164193972945
2024-05-26 22:51:29+00:00,1.2918287236243486,103.86172156780958
2024-05-26 22:51:34+00:00,1.2916738260537386,103.86180957779288
2024-05-26 22:51:40+00:00,1.29148137755692,103.86186456307769
2024-05-26 22:51:44+00:00,1.2913703173398972,103.86186498217285
2024-05-26 22:51:45+00:00,1.2913570739328861,103.86188358999789
2024-05-26 22:51:50+00:00,1.2913424894213676,103.86204477399588
2024-05-26 22:51:57+00:00,1.2913110572844744,103.86224191635847
2024-05-26 22:52:02+00:00,1.2913144938647747,103.86231509037316
2024-05-26 22:52:06+00:00,1.2913021724671125,103.86237275786698
2024-05-26 22:52:08+00:00,1.2912921980023384,103.862393964082
2024-05-26 22:52:14+00:00,1.291293790563941,103.86248457245529
2024-05-26 22:52:16+00:00,1.2912968918681145,103.86250485666096
2024-05-26 22:52:19+00:00,1.2913080397993326,103.86254693381488
2024-05-26 22:52:26+00:00,1.2914022523909807,103.86272496543825
2024-05-26 22:52:27+00:00,1.2914217822253704,103.86274583637714
2024-05-26 22:52:34+00:00,1.2915980536490679,103.8628535438329
2024-05-26 22:52:35+00:00,1.2916248757392168,103.86286418884993
2024-05-26 22:52:41+00:00,1.2918107863515615,103.86287491768599
2024-05-26 22:52:42+00:00,1.2918351776897907,103.86286963708699
2024-05-26 22:52:47+00:00,1.291896617040038,103.86284306645393
2024-05-26 22:52:48+00:00,1.2918984610587358,103.86283099651337
2024-05-26 22:52:55+00:00,1.2919033225625753,103.86277182027698
2024-05-26 22:52:59+00:00,1.2919006403535604,103.86276905424893
2024-05-26 22:53:04+00:00,1.2919042445719242,103.86272764764726
2024-05-26 22:53:09+00:00,1.291926959529519,103.86264433152974
2024-05-26 22:53:11+00:00,1.2919323239475489,103.86261289939284
2024-05-26 22:53:12+00:00,1.2919327430427074,103.86259554885328
2024-05-26 22:53:15+00:00,1.2918811943382025,103.86256772093475
2024-05-26 22:53:21+00:00,1.291722860187292,103.86252782307565
2024-05-26 22:53:23+00:00,1.291665192693472,103.86252086609602
2024-05-26 22:53:25+00:00,1.2916086986660957,103.86250745505095
2024-05-26 22:53:30+00:00,1.291476096957922,103.86247334070504
2024-05-26 22:53:37+00:00,1.2912975624203682,103.86240754276514
2024-05-26 22:53:38+00:00,1.2912726681679487,103.86239622719586
2024-05-26 22:53:45+00:00,1.29108265042305,103.86230922304094
2024-05-26 22:53:47+00:00,1.2910286709666252,103.86228541843593
2024-05-26 22:53:54+00:00,1.2908387370407581,103.86220453307033
2024-05-26 22:54:01+00:00,1.290652323514223,103.8621434289962
2024-05-26 22:54:08+00:00,1.2904692627489567,103.86207863688469
2024-05-26 22:54:15+00:00,1.290281256660819,103.86202708818018
2024-05-26 22:54:16+00:00,1.2902514170855284,103.8620210532099
2024-05-26 22:54:22+00:00,1.2901480682194233,103.86200143955648
2024-05-26 22:54:28+00:00,1.290068356320262,103.86199506931007
2024-05-26 22:54:38+00:00,1.289916979148984,103.86195416562259
2024-05-26 22:54:45+00:00,1.289811534807086,103.86193203739822
2024-05-26 22:54:52+00:00,1.2896094471216202,103.86191753670573
2024-05-26 22:54:59+00:00,1.289406856521964,103.86189482174814
2024-05-26 22:55:06+00:00,1.2892051879316568,103.86188182979822
2024-05-26 22:55:08+00:00,1.2891414854675531,103.86187654919922
2024-05-26 22:55:14+00:00,1.2889596819877625,103.86185442097485
2024-05-26 22:55:16+00:00,1.2889004219323397,103.86184629052877
2024-05-26 22:55:22+00:00,1.2887146789580584,103.86183363385499
2024-05-26 22:55:27+00:00,1.2885581888258457,103.86181955225766
2024-05-26 22:55:33+00:00,1.2883657403290272,103.86180974543095
2024-05-26 22:55:35+00:00,1.2883046362549067,103.86180563829839
2024-05-26 22:55:41+00:00,1.288117216899991,103.8617964182049
2024-05-26 22:55:46+00:00,1.287959050387144,103.86178334243596
2024-05-26 22:55:52+00:00,1.2877669371664524,103.8617723621428
2024-05-26 22:55:55+00:00,1.2876717187464237,103.8617670815438
2024-05-26 22:56:02+00:00,1.2874707207083702,103.86175995692611
2024-05-26 22:56:04+00:00,1.2874076887965202,103.86175685562193
2024-05-26 22:56:10+00:00,1.2872196827083826,103.86174059472978
2024-05-26 22:56:11+00:00,1.2871873285621405,103.86174017563462
2024-05-26 22:56:17+00:00,1.2869866658002138,103.86174352839589
2024-05-26 22:56:21+00:00,1.286850543692708,103.8617448695004
2024-05-26 22:56:27+00:00,1.2866562511771917,103.86173053644598
2024-05-26 22:56:30+00:00,1.2865620385855436,103.86172542348504
2024-05-26 22:56:36+00:00,1.2863671593368053,103.86172324419022
2024-05-26 22:56:37+00:00,1.286336649209261,103.86172039434314
2024-05-26 22:56:43+00:00,1.2861532531678677,103.86171318590641
2024-05-26 22:56:46+00:00,1.2860711943358183,103.86170907877386
2024-05-26 22:56:52+00:00,1.2858796678483486,103.861717376858
2024-05-26 22:56:57+00:00,1.2857262790203094,103.86172349564731
2024-05-26 22:57:03+00:00,1.2855913303792477,103.86171318590641
2024-05-26 22:57:05+00:00,1.2855560425668955,103.86171008460224
2024-05-26 22:57:07+00:00,1.2855349201709032,103.86171787977219
2024-05-26 22:57:11+00:00,1.2854833714663982,103.86171947233379
2024-05-26 22:57:12+00:00,1.2854764983057976,103.86172357946634
2024-05-26 22:57:15+00:00,1.2854367680847645,103.86172709986567
2024-05-26 22:57:23+00:00,1.285400977358222,103.86168854311109
2024-05-26 22:57:30+00:00,1.2854055874049664,103.86171603575349
2024-05-26 22:57:38+00:00,1.2853430584073067,103.86180597357452
2024-05-26 22:57:40+00:00,1.2853564694523811,103.8617998547852
2024-05-26 22:57:42+00:00,1.2853822857141495,103.86179625056684
2024-05-26 22:57:51+00:00,1.2853961996734142,103.86174679733813
2024-05-26 22:58:00+00:00,1.2853483390063047,103.86171905323863
2024-05-26 22:58:06+00:00,1.2853542901575565,103.8617192208767
2024-05-26 22:58:19+00:00,1.2854094430804253,103.86171502992511
2024-05-26 22:58:32+00:00,1.285519665107131,103.86170958168805
2024-05-26 22:58:36+00:00,1.2855664361268282,103.86171452701092
2024-05-26 22:58:38+00:00,1.2855836190283298,103.8617152813822
2024-05-26 22:58:46+00:00,1.285787047818303,103.86170924641192
2024-05-26 22:58:53+00:00,1.2859943322837353,103.86171729303896
2024-05-26 22:59:00+00:00,1.2861966714262962,103.861730620265
2024-05-26 22:59:07+00:00,1.2864000163972378,103.861741181463
2024-05-26 22:59:08+00:00,1.2864265870302916,103.86174528859556
2024-05-26 22:59:15+00:00,1.2866223882883787,103.86175702326
2024-05-26 22:59:21+00:00,1.286811986938119,103.86175467632711
2024-05-26 22:59:24+00:00,1.286903265863657,103.86175115592778
2024-05-26 22:59:30+00:00,1.2870878353714943,103.86175123974681
2024-05-26 22:59:34+00:00,1.2872064393013716,103.86174696497619
2024-05-26 22:59:41+00:00,1.2874063476920128,103.86175534687936
2024-05-26 22:59:47+00:00,1.28758798353374,103.86175425723195
2024-05-26 22:59:48+00:00,1.287614470347762,103.86175593361259
2024-05-26 22:59:55+00:00,1.2878075893968344,103.86176272295415
2024-05-26 22:59:59+00:00,1.2879207450896502,103.86177135631442
2024-05-26 23:00:08+00:00,1.2881065718829632,103.86179331690073
2024-05-26 23:00:15+00:00,1.2882052268832922,103.86178434826434
2024-05-26 23:00:19+00:00,1.2882591225206852,103.86177965439856
2024-05-26 23:00:21+00:00,1.2882876209914684,103.86178443208337
2024-05-26 23:00:30+00:00,1.2884166184812784,103.86178736574948
2024-05-26 23:00:37+00:00,1.288540167734027,103.86180345900357
2024-05-26 23:00:44+00:00,1.2887310236692429,103.86183505877852
2024-05-26 23:00:51+00:00,1.2889130786061287,103.86186732910573
2024-05-26 23:00:57+00:00,1.2890767771750689,103.86188853532076
2024-05-26 23:01:04+00:00,1.2892613466829062,103.8619124237448
2024-05-26 23:01:05+00:00,1.2892895936965942,103.8619137648493
2024-05-26 23:01:11+00:00,1.2894720677286386,103.86191527359188
2024-05-26 23:01:17+00:00,1.2896621692925692,103.86192742735147
2024-05-26 23:01:18+00:00,1.2896952778100967,103.86192843317986
2024-05-26 23:01:25+00:00,1.2899073399603367,103.86195315979421
2024-05-26 23:01:28+00:00,1.2900001276284456,103.86196883395314
2024-05-26 23:01:34+00:00,1.2901875469833612,103.86200236156583
2024-05-26 23:01:35+00:00,1.2902161292731762,103.86200806125998
2024-05-26 23:01:41+00:00,1.2903900537639856,103.86205743066967
2024-05-26 23:01:44+00:00,1.2904892954975367,103.86208224110305
2024-05-26 23:01:50+00:00,1.2906836718320847,103.86212574318051
2024-05-26 23:01:51+00:00,1.290718037635088,103.86213286779821
2024-05-26 23:01:57+00:00,1.2909001763910055,103.86219765990973
2024-05-26 23:01:58+00:00,1.290931273251772,103.86221048422158
2024-05-26 23:02:04+00:00,1.2911083828657866,103.86228709481657
2024-05-26 23:02:05+00:00,1.2911083828657866,103.86228709481657
2024-05-26 23:02:11+00:00,1.2912973947823048,103.86240318417549
2024-05-26 23:02:13+00:00,1.2913553975522518,103.86242983862758
2024-05-26 23:02:19+00:00,1.291536195203662,103.86250033043325
2024-05-26 23:02:21+00:00,1.2915963772684336,103.86252094991505
2024-05-26 23:02:27+00:00,1.2917804438620806,103.86258113197982
2024-05-26 23:02:29+00:00,1.291838027536869,103.86259068734944
2024-05-26 23:02:34+00:00,1.2919124588370323,103.86263133957982
2024-05-26 23:02:36+00:00,1.2919120397418737,103.86263678781688
2024-05-26 23:02:38+00:00,1.2919130455702543,103.86263477616012
2024-05-26 23:02:41+00:00,1.2919122911989689,103.86263829655945
2024-05-26 23:02:51+00:00,1.2918956950306892,103.86277358047664
2024-05-26 23:02:54+00:00,1.291870716959238,103.86285019107163
2024-05-26 23:02:56+00:00,1.2918152287602425,103.86285346001387
2024-05-26 23:03:02+00:00,1.291620684787631,103.86284382082522
2024-05-26 23:03:08+00:00,1.2914559803903103,103.86275262571871
2024-05-26 23:03:14+00:00,1.291350955143571,103.86260895989835
2024-05-26 23:03:19+00:00,1.2913170922547579,103.86244383640587
2024-05-26 23:03:24+00:00,1.2913219537585974,103.86229866184294
2024-05-26 23:03:30+00:00,1.2913000769913197,103.86211878620088
2024-05-26 23:03:37+00:00,1.2913271505385637,103.86191879399121
2024-05-26 23:03:39+00:00,1.2913532182574272,103.8618844281882
2024-05-26 23:03:41+00:00,1.29141247831285,103.86186682619154
2024-05-26 23:03:45+00:00,1.291537368670106,103.86187705211341
2024-05-26 23:03:46+00:00,1.2915669567883015,103.86187864467502
2024-05-26 23:03:53+00:00,1.2917536217719316,103.86188593693078
2024-05-26 23:03:59+00:00,1.2918774224817753,103.86178988032043
2024-05-26 23:04:03+00:00,1.2919156439602375,103.86170673184097
2024-05-26 23:04:04+00:00,1.29192846827209,103.86169608682394
2024-05-26 23:04:10+00:00,1.2920480780303478,103.86159516870975
2024-05-26 23:04:13+00:00,1.2920476589351892,103.86159575544298
2024-05-26 23:04:15+00:00,1.2920837849378586,103.86159969493747
2024-05-26 23:04:16+00:00,1.2920928373932838,103.8615981861949
2024-05-26 23:04:17+00:00,1.2920958548784256,103.86159676127136
2024-05-26 23:04:21+00:00,1.2921430449932814,103.86160086840391
2024-05-26 23:04:24+00:00,1.2921865470707417,103.86160053312778
2024-05-26 23:04:28+00:00,1.2922393530607224,103.86163129471242
2024-05-26 23:04:34+00:00,1.292375223711133,103.86163079179823
2024-05-26 23:04:36+00:00,1.292367847636342,103.8616708572954
2024-05-26 23:04:38+00:00,1.2923910655081272,103.86168954893947
2024-05-26 23:04:44+00:00,1.2924551870673895,103.8617414329201
2024-05-26 23:04:45+00:00,1.2924624793231487,103.86173992417753
2024-05-26 23:04:48+00:00,1.2924957554787397,103.8617535866797
2024-05-26 23:04:50+00:00,1.292513944208622,103.86175584979355
2024-05-26 23:04:53+00:00,1.2925288639962673,103.86177563108504
2024-05-26 23:04:54+00:00,1.2925402633845806,103.86177957057953
2024-05-26 23:04:56+00:00,1.2925671692937613,103.86178317479789
2024-05-26 23:04:59+00:00,1.292576640844345,103.86181318201125
2024-05-26 23:05:07+00:00,1.2926270999014378,103.86181846261024
2024-05-26 23:05:15+00:00,1.2925915606319904,103.86190974153578
2024-05-26 23:05:17+00:00,1.2925805803388357,103.86194217950106
2024-05-26 23:05:21+00:00,1.2925578653812408,103.86206086724997
2024-05-26 23:05:27+00:00,1.292525427415967,103.86225339956582
2024-05-26 23:05:33+00:00,1.2925476394593716,103.86240804567933
2024-05-26 23:05:40+00:00,1.2926009483635426,103.86257953941822
2024-05-26 23:05:47+00:00,1.292697424069047,103.86275069788098
2024-05-26 23:05:48+00:00,1.2927102483808994,103.86278011836112
2024-05-26 23:05:55+00:00,1.2928209733217955,103.86292613111436
2024-05-26 23:06:04+00:00,1.2929423432797194,103.86306719854474
2024-05-26 23:06:05+00:00,1.2929489649832249,103.86307122185826
2024-05-26 23:06:09+00:00,1.2929697521030903,103.86310684494674
2024-05-26 23:06:17+00:00,1.2930247373878956,103.86321363039315
2024-05-26 23:06:18+00:00,1.2930302694439888,103.86322662234306
2024-05-26 23:06:22+00:00,1.293086176738143,103.86328529566526
2024-05-26 23:06:29+00:00,1.2931899446994066,103.86343826539814
2024-05-26 23:06:37+00:00,1.2933089677244425,103.86358369141817
2024-05-26 23:06:45+00:00,1.293430421501398,103.86374579742551
2024-05-26 23:06:47+00:00,1.2934626918286085,103.86378242634237
2024-05-26 23:06:54+00:00,1.2935515400022268,103.8639363180846
2024-05-26 23:07:01+00:00,1.2936305813491344,103.8641107454896
2024-05-26 23:07:02+00:00,1.2936419807374477,103.86413186788559
2024-05-26 23:07:07+00:00,1.2936735805124044,103.86419624090195
2024-05-26 23:07:13+00:00,1.293692858889699,103.86428005993366
2024-05-26 23:07:22+00:00,1.293712891638279,103.86440109461546
2024-05-26 23:07:23+00:00,1.2937136460095644,103.86441584676504
2024-05-26 23:07:28+00:00,1.2937212735414505,103.86448876932263
2024-05-26 23:07:33+00:00,1.2937490176409483,103.86454526335001
2024-05-26 23:07:34+00:00,1.2937572319060564,103.86456437408924
2024-05-26 23:07:41+00:00,1.293848678469658,103.86472924612463
2024-05-26 23:07:48+00:00,1.2938911747187376,103.86492647230625
2024-05-26 23:07:49+00:00,1.2938953656703234,103.86495622806251
2024-05-26 23:07:56+00:00,1.2939577270299196,103.86514297686517
2024-05-26 23:08:03+00:00,1.2940153945237398,103.86532888747752
2024-05-26 23:08:05+00:00,1.294038025662303,103.86537532322109
2024-05-26 23:08:12+00:00,1.2941060867160559,103.86556207202375
2024-05-26 23:08:18+00:00,1.2941542826592922,103.86574865318835
2024-05-26 23:08:22+00:00,1.2941736448556185,103.86587069369853
2024-05-26 23:08:29+00:00,1.294214716181159,103.86607169173658
2024-05-26 23:08:32+00:00,1.294235922396183,103.86615232564509
2024-05-26 23:08:39+00:00,1.2942684441804886,103.86635818518698
2024-05-26 23:08:40+00:00,1.2942729704082012,103.86638534255326
2024-05-26 23:08:46+00:00,1.294283363968134,103.86660276912153
2024-05-26 23:08:52+00:00,1.2943000439554453,103.86680183932185
2024-05-26 23:08:54+00:00,1.2943023908883333,103.86685925535858
2024-05-26 23:09:00+00:00,1.2943278718739748,103.86704726144671
2024-05-26 23:09:03+00:00,1.2943323981016874,103.86714616790414
2024-05-26 23:09:09+00:00,1.2943644169718027,103.86732688173652
2024-05-26 23:09:11+00:00,1.2943749781697989,103.86739754118025
2024-05-26 23:09:17+00:00,1.294418228790164,103.86758454144001
2024-05-26 23:09:18+00:00,1.2944247666746378,103.86761169880629
2024-05-26 23:09:24+00:00,1.2944614794105291,103.86779735796154
2024-05-26 23:09:29+00:00,1.2944893911480904,103.86795619502664
2024-05-26 23:09:35+00:00,1.2945219967514277,103.86813674122095
2024-05-26 23:09:36+00:00,1.2945293728262186,103.86816934682429
2024-05-26 23:09:42+00:00,1.2945782393217087,103.8683570176363
2024-05-26 23:09:47+00:00,1.2946149520576,103.86851015500724
2024-05-26 23:09:53+00:00,1.2946472223848104,103.86870486661792
2024-05-26 23:09:56+00:00,1.2946444563567638,103.86877795681357
2024-05-26 23:09:58+00:00,1.2946319673210382,103.86879614554346
2024-05-26 23:10:02+00:00,1.2946393433958292,103.86881995014846
2024-05-26 23:10:04+00:00,1.2946375831961632,103.86882615275681
2024-05-26 23:10:06+00:00,1.2946351524442434,103.86881374754012
2024-05-26 23:10:12+00:00,1.2946356553584337,103.8688163459301
2024-05-26 23:10:19+00:00,1.2946288660168648,103.86882523074746
2024-05-26 23:10:26+00:00,1.2946646567434072,103.8688282482326
2024-05-26 23:10:32+00:00,1.294662393629551,103.86885238811374
2024-05-26 23:10:39+00:00,1.2946913950145245,103.86880109086633
2024-05-26 23:10:43+00:00,1.2947067338973284,103.86875289492309
2024-05-26 23:10:46+00:00,1.2946969270706177,103.86867762543261
2024-05-26 23:10:48+00:00,1.294667087495327,103.86861308477819
2024-05-26 23:10:52+00:00,1.2945818435400724,103.86846967041492
2024-05-26 23:10:57+00:00,1.2944934982806444,103.86828216724098
2024-05-26 23:10:58+00:00,1.2944795843213797,103.86824796907604
2024-05-26 23:11:01+00:00,1.2944384291768074,103.86817437596619
2024-05-26 23:11:02+00:00,1.2944094277918339,103.86816741898656
2024-05-26 23:11:03+00:00,1.2943824380636215,103.8681582827121
2024-05-26 23:11:05+00:00,1.29434815607965,103.86811293661594
2024-05-26 23:11:10+00:00,1.294335164129734,103.8679664209485
2024-05-26 23:11:17+00:00,1.2943585496395826,103.86777522973716
2024-05-26 23:11:23+00:00,1.2943073362112045,103.86761178262532
2024-05-26 23:11:30+00:00,1.29427389241755,103.86742478236556
2024-05-26 23:11:37+00:00,1.2942504230886698,103.86725085787475
2024-05-26 23:11:42+00:00,1.294231479987502,103.86709922924638
2024-05-26 23:11:48+00:00,1.2942134588956833,103.86691289953887
2024-05-26 23:11:54+00:00,1.2942017242312431,103.8667081296444
2024-05-26 23:11:56+00:00,1.2941992934793234,103.86664954014122
2024-05-26 23:12:00+00:00,1.2941932585090399,103.86659103445709
2024-05-26 23:12:02+00:00,1.2941863853484392,103.866564380005
2024-05-26 23:12:06+00:00,1.294208262115717,103.86652548797429
2024-05-26 23:12:08+00:00,1.2942554522305727,103.86649606749415
2024-05-26 23:12:13+00:00,1.294348742812872,103.86643345467746
2024-05-26 23:12:16+00:00,1.2944190669804811,103.86642691679299
2024-05-26 23:12:18+00:00,1.2944696936756372,103.86642976664007
2024-05-26 23:12:19+00:00,1.2944890558719635,103.86641861870885
2024-05-26 23:12:22+00:00,1.2945396825671196,103.86633169837296
2024-05-26 23:12:26+00:00,1.2946576997637749,103.86631669476628
2024-05-26 23:12:32+00:00,1.294848220422864,103.86626615189016
2024-05-26 23:12:33+00:00,1.2948858551681042,103.86626346968114
2024-05-26 23:12:36+00:00,1.2949973344802856,103.86627067811787
2024-05-26 23:12:38+00:00,1.2950471229851246,103.86630806140602
2024-05-26 23:12:42+00:00,1.2950623780488968,103.86637913994491
2024-05-26 23:12:44+00:00,1.2950526550412178,103.8664039503783
2024-05-26 23:12:46+00:00,1.2950460333377123,103.86641534976661
2024-05-26 23:12:47+00:00,1.29504787735641,103.86642146855593
2024-05-26 23:12:51+00:00,1.2950452789664268,103.86643555015326
2024-05-26 23:13:14+00:00,1.295021055266261,103.86635541915894
2024-05-26 23:13:31+00:00,1.2950454466044903,103.86644451878965
2024-05-26 23:13:40+00:00,1.2950347177684307,103.86629045940936
2024-05-26 23:13:44+00:00,1.2950775492936373,103.86617294512689
2024-05-26 23:13:45+00:00,1.2951027788221836,103.86615936644375
2024-05-26 23:13:50+00:00,1.2952510546892881,103.86613765731454
2024-05-26 23:13:56+00:00,1.295449621975422,103.86613388545811
2024-05-26 23:13:58+00:00,1.2955067865550518,103.86613078415394
2024-05-26 23:14:04+00:00,1.2956867460161448,103.86609457433224
2024-05-26 23:14:11+00:00,1.295885145664215,103.86605769395828
2024-05-26 23:14:14+00:00,1.2959734909236431,103.86604176834226
2024-05-26 23:14:21+00:00,1.2961723934859037,103.86602282524109
2024-05-26 23:14:28+00:00,1.2963754869997501,103.86602584272623
2024-05-26 23:14:34+00:00,1.2965564522892237,103.86601737700403
2024-05-26 23:14:36+00:00,1.296616131439805,103.86601578444242
2024-05-26 23:14:42+00:00,1.296800198033452,103.86601645499468
2024-05-26 23:14:44+00:00,1.296860296279192,103.8660188857466
2024-05-26 23:14:51+00:00,1.2970662396401167,103.86602852493525
2024-05-26 23:14:52+00:00,1.2970956601202488,103.86603321880102
2024-05-26 23:14:57+00:00,1.2972597777843475,103.86603682301939
2024-05-26 23:15:03+00:00,1.2974561657756567,103.86605341918766
2024-05-26 23:15:06+00:00,1.297546187415719,103.86607051827013
2024-05-26 23:15:12+00:00,1.2977293320000172,103.86610094457865
2024-05-26 23:15:13+00:00,1.2977599259465933,103.86610857211053
2024-05-26 23:15:20+00:00,1.297937287017703,103.86617663316429
2024-05-26 23:15:26+00:00,1.2980929389595985,103.8662379886955
2024-05-26 23:15:33+00:00,1.298254793509841,103.86634142138064
2024-05-26 23:15:34+00:00,1.298275664448738,103.86636254377663
2024-05-26 23:15:41+00:00,1.2984243594110012,103.86650193482637
2024-05-26 23:15:48+00:00,1.298524523153901,103.86666387319565
2024-05-26 23:15:55+00:00,1.2985992897301912,103.8668252248317
2024-05-26 23:16:02+00:00,1.2985809333622456,103.86701239272952
2024-05-26 23:16:03+00:00,1.2985722161829472,103.86704524978995
2024-05-26 23:16:09+00:00,1.2984855473041534,103.86722126975656
2024-05-26 23:16:10+00:00,1.2984733935445547,103.8672380335629
2024-05-26 23:16:16+00:00,1.2983795162290335,103.86736057698727
2024-05-26 23:16:22+00:00,1.2982192542403936,103.86743576265872
2024-05-26 23:16:28+00:00,1.2980576511472464,103.8674658536911
2024-05-26 23:16:31+00:00,1.2979977205395699,103.86750172823668
2024-05-26 23:16:32+00:00,1.297992942854762,103.86751916259527
2024-05-26 23:16:39+00:00,1.2979839742183685,103.86768378317356
2024-05-26 23:16:46+00:00,1.297990931198001,103.86786935850978
2024-05-26 23:16:52+00:00,1.2979782745242119,103.86803624220192
2024-05-26 23:16:58+00:00,1.2979739997535944,103.86817923747003
2024-05-26 23:17:05+00:00,1.2979627680033445,103.86837696656585
2024-05-26 23:17:08+00:00,1.2979783583432436,103.86844796128571
2024-05-26 23:17:15+00:00,1.2979777716100216,103.86863194406033
2024-05-26 23:17:21+00:00,1.2979775201529264,103.8688200339675
2024-05-26 23:17:23+00:00,1.2979871593415737,103.86887384578586
2024-05-26 23:17:29+00:00,1.2979774363338947,103.86903637088835
2024-05-26 23:17:36+00:00,1.2979786936193705,103.86922261677682
2024-05-26 23:17:38+00:00,1.2979740835726261,103.8692825473845
2024-05-26 23:17:44+00:00,1.2979601696133614,103.86949326843023
2024-05-26 23:17:45+00:00,1.2979655340313911,103.86952855624259
2024-05-26 23:17:50+00:00,1.2980063538998365,103.86966124176979
2024-05-26 23:17:57+00:00,1.298059495165944,103.86985243298113
2024-05-26 23:17:58+00:00,1.2980693858116865,103.86989082209766
2024-05-26 23:18:04+00:00,1.2981309927999973,103.87005418539047
2024-05-26 23:18:10+00:00,1.2981418892741203,103.87025903910398
2024-05-26 23:18:11+00:00,1.2981430627405643,103.87028359808028
2024-05-26 23:18:18+00:00,1.298186480998993,103.87045978568494
2024-05-26 23:18:24+00:00,1.2982053402811289,103.87065449729562
2024-05-26 23:18:27+00:00,1.2982257921248674,103.87074686586857
2024-05-26 23:18:33+00:00,1.298229480162263,103.8709279987961
2024-05-26 23:18:39+00:00,1.2982319947332144,103.87112606316805
2024-05-26 23:18:40+00:00,1.2982434779405594,103.87114366516471
2024-05-26 23:18:46+00:00,1.2982753291726112,103.87128104455769
2024-05-26 23:18:53+00:00,1.298326626420021,103.87147592380643
2024-05-26 23:19:00+00:00,1.2984440568834543,103.87165864929557
2024-05-26 23:19:02+00:00,1.298466520383954,103.8717229384929
2024-05-26 23:19:08+00:00,1.2985546980053186,103.87189459986985
2024-05-26 23:19:13+00:00,1.2985169794410467,103.87203482910991
2024-05-26 23:19:19+00:00,1.298469789326191,103.87218972668052
2024-05-26 23:19:26+00:00,1.2984203360974789,103.87237622402608
2024-05-26 23:19:27+00:00,1.298414384946227,103.8723960891366
2024-05-26 23:19:33+00:00,1.2983977887779474,103.87252793647349
2024-05-26 23:19:40+00:00,1.2984508462250233,103.87272985652089
2024-05-26 23:19:46+00:00,1.2984775844961405,103.87291526421905
2024-05-26 23:19:53+00:00,1.2985111959278584,103.87311475351453
2024-05-26 23:19:54+00:00,1.2985152192413807,103.8731469400227
2024-05-26 23:20:01+00:00,1.2985786702483892,103.8733305875212
2024-05-26 23:20:08+00:00,1.2987259402871132,103.87346821837127
2024-05-26 23:20:09+00:00,1.2987465597689152,103.87348288670182
2024-05-26 23:20:16+00:00,1.298897098749876,103.87361456640065
2024-05-26 23:20:19+00:00,1.2989684287458658,103.87366745620966
2024-05-26 23:20:25+00:00,1.299120057374239,103.87376887723804
2024-05-26 23:20:28+00:00,1.2991961650550365,103.87381657026708
2024-05-26 23:20:34+00:00,1.2993715982884169,103.87390315532684
2024-05-26 23:20:35+00:00,1.2993932235985994,103.87391933239996
2024-05-26 23:20:41+00:00,1.2995410803705454,103.87399703264236
2024-05-26 23:20:46+00:00,1.299679884687066,103.87410356663167
2024-05-26 23:20:49+00:00,1.2996879313141108,103.87416693381965
2024-05-26 23:20:50+00:00,1.2996699940413237,103.87418805621564
2024-05-26 23:20:57+00:00,1.2995852530002594,103.87435167096555
2024-05-26 23:21:04+00:00,1.2995250709354877,103.87452961876988
2024-05-26 23:21:06+00:00,1.2995216343551874,103.87457605451345
2024-05-26 23:21:12+00:00,1.2995354644954205,103.87475274503231
2024-05-26 23:21:13+00:00,1.2995336204767227,103.87476967647672
2024-05-26 23:21:15+00:00,1.2995418347418308,103.87479725293815
2024-05-26 23:21:16+00:00,1.2995449360460043,103.87481242418289
2024-05-26 23:21:22+00:00,1.2995883543044329,103.87488425709307
2024-05-26 23:21:23+00:00,1.299591874703765,103.87489423155785
2024-05-26 23:21:26+00:00,1.2996179424226284,103.87494787573814
2024-05-26 23:21:28+00:00,1.2996441777795553,103.87496195733547
2024-05-26 23:21:31+00:00,1.299676699563861,103.87499028816819
2024-05-26 23:21:35+00:00,1.2997007556259632,103.87504125013947
2024-05-26 23:21:38+00:00,1.2997304275631905,103.87507678940892
2024-05-26 23:21:45+00:00,1.2997731752693653,103.87516479939222
2024-05-26 23:21:53+00:00,1.299879290163517,103.87532422319055
2024-05-26 23:21:54+00:00,1.2998921982944012,103.87535188347101
2024-05-26 23:22:00+00:00,1.2999674677848816,103.87552849017084
2024-05-26 23:22:01+00:00,1.2999803759157658,103.87555749155581
2024-05-26 23:22:07+00:00,1.3000643625855446,103.87569579295814
2024-05-26 23:22:14+00:00,1.3001547195017338,103.87586309574544
2024-05-26 23:22:15+00:00,1.300163520500064,103.87588958255947
2024-05-26 23:22:19+00:00,1.3001379556953907,103.87600927613676
2024-05-26 23:22:26+00:00,1.300146421417594,103.87618864886463
2024-05-26 23:22:31+00:00,1.300196796655655,103.87632636353374
2024-05-26 23:22:37+00:00,1.300279526039958,103.87650338932872
2024-05-26 23:22:38+00:00,1.3002958707511425,103.87653565965593
2024-05-26 23:22:44+00:00,1.3003853894770145,103.87669935822487
2024-05-26 23:22:45+00:00,1.3004012312740088,103.87671796604991
2024-05-26 23:22:50+00:00,1.3004822842776775,103.87682684697211
2024-05-26 23:22:56+00:00,1.3005403708666563,103.87700873427093
2024-05-26 23:23:02+00:00,1.3006301410496235,103.87718877755105
2024-05-26 23:23:03+00:00,1.3006431329995394,103.87721786275506
2024-05-26 23:23:10+00:00,1.3007585518062115,103.8774090539664
2024-05-26 23:23:17+00:00,1.300846477970481,103.8775993231684
2024-05-26 23:23:18+00:00,1.3008640799671412,103.8776265643537
2024-05-26 23:23:22+00:00,1.3009226694703102,103.87772547081113
2024-05-26 23:23:29+00:00,1.3010133616626263,103.87788162566721
2024-05-26 23:23:33+00:00,1.3010553549975157,103.87793149799109
2024-05-26 23:23:34+00:00,1.3010637369006872,103.87793686240911
2024-05-26 23:23:35+00:00,1.3010662514716387,103.87793996371329
2024-05-26 23:23:37+00:00,1.3010597974061966,103.87794172391295
2024-05-26 23:23:44+00:00,1.3010441232472658,103.87795127928257
2024-05-26 23:23:54+00:00,1.3010234199464321,103.87796812690794
2024-05-26 23:24:01+00:00,1.301029371097684,103.87800098396838
2024-05-26 23:24:08+00:00,1.3010356575250626,103.8779862318188
2024-05-26 23:24:16+00:00,1.3010847754776478,103.87805345468223
2024-05-26 23:24:22+00:00,1.3011481426656246,103.87823953293264
2024-05-26 23:24:23+00:00,1.3011353183537722,103.87827037833631
2024-05-26 23:24:25+00:00,1.3011367432773113,103.87833408080041
2024-05-26 23:24:31+00:00,1.3012201432138681,103.8785042334348
2024-05-26 23:24:36+00:00,1.3012745417654514,103.87863708660007
2024-05-26 23:24:43+00:00,1.3013834226876497,103.87880732305348
2024-05-26 23:24:50+00:00,1.301506469026208,103.87896062806249
2024-05-26 23:24:51+00:00,1.3015171978622675,103.87898527085781
2024-05-26 23:24:56+00:00,1.3015446905046701,103.87904587201774
2024-05-26 23:25:03+00:00,1.3015916291624308,103.87914402410388
2024-05-26 23:25:07+00:00,1.3016293477267027,103.87918752618134
2024-05-26 23:25:11+00:00,1.3016771245747805,103.87925407849252
2024-05-26 23:25:18+00:00,1.301820958033204,103.8793983310461
2024-05-26 23:25:19+00:00,1.3018420804291964,103.87942724861205
2024-05-26 23:25:25+00:00,1.3019625283777714,103.87957049533725
2024-05-26 23:25:26+00:00,1.3019871711730957,103.8795901928097
2024-05-26 23:25:32+00:00,1.302131423726678,103.87972899712622
2024-05-26 23:25:38+00:00,1.3022787775844336,103.87986914254725
2024-05-26 23:25:44+00:00,1.3024425599724054,103.87998137623072
2024-05-26 23:25:48+00:00,1.3025329168885946,103.88004784472287
2024-05-26 23:25:54+00:00,1.3026954419910908,103.88015119358897
2024-05-26 23:26:00+00:00,1.3028376828879118,103.88028739951551
2024-05-26 23:26:01+00:00,1.3028588891029358,103.88030709698796
2024-05-26 23:26:07+00:00,1.3029205799102783,103.88038387522101
2024-05-26 23:26:14+00:00,1.303042285144329,103.88043844141066
2024-05-26 23:26:15+00:00,1.3030694425106049,103.88043508864939
2024-05-26 23:26:16+00:00,1.303085619583726,103.8804401177913
2024-05-26 23:26:22+00:00,1.3031462207436562,103.8804937619716
2024-05-26 23:26:26+00:00,1.3031847774982452,103.88053902424872
2024-05-26 23:26:28+00:00,1.3032177183777094,103.88057213276625
2024-05-26 23:26:34+00:00,1.3033549301326275,103.88069509528577
2024-05-26 23:26:35+00:00,1.303379237651825,103.88071655295789
2024-05-26 23:26:41+00:00,1.3035318721085787,103.88083574362099
2024-05-26 23:26:42+00:00,1.3035573530942202,103.8808529265225
2024-05-26 23:26:48+00:00,1.3036614563316107,103.88098318129778
2024-05-26 23:26:52+00:00,1.30360865034163,103.88109717518091
2024-05-26 23:26:58+00:00,1.3034888729453087,103.88123715296388
2024-05-26 23:26:59+00:00,1.3034726958721876,103.88125894591212
2024-05-26 23:27:05+00:00,1.303389547392726,103.8813928887248
2024-05-26 23:27:06+00:00,1.3033945765346289,103.88141568750143
2024-05-26 23:27:11+00:00,1.3034633919596672,103.88151694089174
2024-05-26 23:27:13+00:00,1.3034880347549915,103.8815498817712
2024-05-26 23:27:15+00:00,1.3035332970321178,103.88156119734049
2024-05-26 23:27:16+00:00,1.3035566825419664,103.88155667111278
2024-05-26 23:27:20+00:00,1.3036078959703445,103.88151987455785
2024-05-26 23:27:21+00:00,1.3036186248064041,103.88151274994016
2024-05-26 23:27:25+00:00,1.3036888651549816,103.88149338774383
2024-05-26 23:27:32+00:00,1.3038647174835205,103.88143613934517
2024-05-26 23:27:39+00:00,1.3040550705045462,103.88136682100594
2024-05-26 23:27:45+00:00,1.3042281568050385,103.88127177022398
2024-05-26 23:27:46+00:00,1.304255397990346,103.88125693425536
2024-05-26 23:27:53+00:00,1.3044438231736422,103.88118417933583
2024-05-26 23:27:59+00:00,1.3046097848564386,103.88112785294652
2024-05-26 23:28:06+00:00,1.3047883193939924,103.88104411773384
2024-05-26 23:28:13+00:00,1.30498755723238,103.880954682827
2024-05-26 23:28:19+00:00,1.3051632419228554,103.88094604946673
2024-05-26 23:28:21+00:00,1.3051906507462263,103.88098259456456
2024-05-26 23:28:23+00:00,1.3052182272076607,103.88102483935654
2024-05-26 23:28:28+00:00,1.3052990287542343,103.88110924512148
2024-05-26 23:28:36+00:00,1.3053805846720934,103.88125886209309
2024-05-26 23:28:38+00:00,1.3053873740136623,103.88127788901329
2024-05-26 23:28:42+00:00,1.3054044730961323,103.88129892759025
2024-05-26 23:28:50+00:00,1.305495584383607,103.881422476843
2024-05-26 23:28:56+00:00,1.3055947422981262,103.88158047571778
2024-05-26 23:28:57+00:00,1.3056100811809301,103.88160704635084
2024-05-26 23:29:03+00:00,1.3056632224470377,103.88178641907871
2024-05-26 23:29:04+00:00,1.3056641444563866,103.88181407935917
2024-05-26 23:29:12+00:00,1.3056602887809277,103.88201365247369
2024-05-26 23:29:15+00:00,1.305694067850709,103.8820599205792
2024-05-26 23:29:16+00:00,1.3057094905525446,103.88206377625465
2024-05-26 23:29:22+00:00,1.3057828322052956,103.88206402771175
2024-05-26 23:29:23+00:00,1.3057834189385176,103.882064698264
2024-05-26 23:29:25+00:00,1.305782999843359,103.88206712901592
2024-05-26 23:29:26+00:00,1.3057881966233253,103.8820683863014
2024-05-26 23:29:31+00:00,1.3057890348136425,103.88208079151809
2024-05-26 23:29:40+00:00,1.3057892862707376,103.88209395110607
2024-05-26 23:29:50+00:00,1.3057883642613888,103.88210535049438
2024-05-26 23:29:59+00:00,1.3058108277618885,103.8820995669812
2024-05-26 23:30:07+00:00,1.3058983348309994,103.88223552145064
2024-05-26 23:30:12+00:00,1.3059748616069555,103.88239922001958
2024-05-26 23:30:13+00:00,1.3059898652136326,103.88242973014712
2024-05-26 23:30:19+00:00,1.3060667272657156,103.88259284198284
2024-05-26 23:30:20+00:00,1.3060791324824095,103.88261765241623
2024-05-26 23:30:27+00:00,1.3061330281198025,103.88280264101923
2024-05-26 23:30:28+00:00,1.306125819683075,103.88282485306263
2024-05-26 23:30:30+00:00,1.306110480800271,103.8828612305224
2024-05-26 23:30:32+00:00,1.3061065413057804,103.88288134709
2024-05-26 23:30:37+00:00,1.3061489537358284,103.88297656551003
2024-05-26 23:30:44+00:00,1.3062688987702131,103.88311939314008
2024-05-26 23:30:45+00:00,1.306283986195922,103.88314319774508
2024-05-26 23:30:52+00:00,1.30637526512146,103.88331259600818
2024-05-26 23:30:54+00:00,1.3064116425812244,103.88333656825125
2024-05-26 23:30:57+00:00,1.3064816314727068,103.88337998650968
2024-05-26 23:31:02+00:00,1.3066061865538359,103.88352314941585
2024-05-26 23:31:03+00:00,1.306626470759511,103.8835848402232
2024-05-26 23:31:09+00:00,1.3067128881812096,103.88375365175307
2024-05-26 23:31:14+00:00,1.3067420572042465,103.88393838889897
2024-05-26 23:31:16+00:00,1.3067758362740278,103.88398968614638
2024-05-26 23:31:21+00:00,1.3068577274680138,103.8841559831053
2024-05-26 23:31:23+00:00,1.3068954460322857,103.88421256095171
2024-05-26 23:31:29+00:00,1.306974571198225,103.88438346795738
2024-05-26 23:31:31+00:00,1.306985467672348,103.88443392701447
2024-05-26 23:31:36+00:00,1.307033747434616,103.88451573438942
2024-05-26 23:31:38+00:00,1.3070569653064013,103.88453249819577
2024-05-26 23:31:39+00:00,1.307062329724431,103.88453987427056
2024-05-26 23:31:42+00:00,1.3071011379361153,103.88455605134368
2024-05-26 23:31:44+00:00,1.3071237690746784,103.88456233777106
2024-05-26 23:31:52+00:00,1.3071702886372805,103.88462838716805
2024-05-26 23:32:01+00:00,1.307250838726759,103.88472469523549
2024-05-26 23:32:08+00:00,1.3073301315307617,103.88491085730493
2024-05-26 23:32:12+00:00,1.3074175547808409,103.88508218340576
2024-05-26 23:32:13+00:00,1.3074403535574675,103.88511219061911
2024-05-26 23:32:19+00:00,1.307517047971487,103.8852112647146
2024-05-26 23:32:21+00:00,1.3074797485023737,103.88526633381844
2024-05-26 23:32:23+00:00,1.3075065705925226,103.88528804294765
2024-05-26 23:32:28+00:00,1.3076062314212322,103.88536892831326
2024-05-26 23:32:29+00:00,1.3076190557330847,103.88538317754865
2024-05-26 23:32:31+00:00,1.307648727670312,103.88540673069656
2024-05-26 23:32:34+00:00,1.3076960854232311,103.88548099435866
2024-05-26 23:32:38+00:00,1.307750316336751,103.88560328632593
2024-05-26 23:32:41+00:00,1.3077828381210566,103.88575248420238
2024-05-26 23:32:47+00:00,1.3078172877430916,103.88592833653092
2024-05-26 23:32:54+00:00,1.3078465405851603,103.88613226823509
2024-05-26 23:33:00+00:00,1.3078900426626205,103.88630392961204
2024-05-26 23:33:07+00:00,1.3079478777945042,103.88648229651153
2024-05-26 23:33:11+00:00,1.3079506438225508,103.88653066009283
2024-05-26 23:33:12+00:00,1.3079521525651217,103.88653518632054
2024-05-26 23:33:14+00:00,1.3079578522592783,103.88655714690685
2024-05-26 23:33:16+00:00,1.3079704251140356,103.88658162206411
2024-05-26 23:33:23+00:00,1.3080600276589394,103.88668882660568
2024-05-26 23:33:30+00:00,1.3081532344222069,103.88687431812286
2024-05-26 23:33:31+00:00,1.3081551622599363,103.88691069558263
2024-05-26 23:33:37+00:00,1.3082052860409021,103.88705142773688
2024-05-26 23:33:42+00:00,1.3081741891801357,103.88719467446208
2024-05-26 23:33:45+00:00,1.3081530667841434,103.8874336425215
2024-05-26 23:33:47+00:00,1.308113420382142,103.88768283650279
2024-05-26 23:33:48+00:00,1.3081065472215414,103.88775668106973
2024-05-26 23:33:51+00:00,1.3081084750592709,103.88789204880595
2024-05-26 23:33:52+00:00,1.3081146776676178,103.88792222365737
2024-05-26 23:33:56+00:00,1.3081244844943285,103.88801266439259
2024-05-26 23:33:57+00:00,1.308136135339737,103.88801643624902
2024-05-26 23:33:59+00:00,1.308154072612524,103.8880277518183
2024-05-26 23:34:03+00:00,1.3081895280629396,103.88807502575219
2024-05-26 23:34:09+00:00,1.3082709163427353,103.88821357861161
2024-05-26 23:34:14+00:00,1.3082423340529203,103.8883850723505
2024-05-26 23:34:21+00:00,1.308262450620532,103.88852479867637
2024-05-26 23:34:27+00:00,1.3083131611347198,103.88869168236852
2024-05-26 23:34:32+00:00,1.3083747681230307,103.88888069428504
2024-05-26 23:34:33+00:00,1.3083810545504093,103.88891598209739
2024-05-26 23:34:38+00:00,1.3084420748054981,103.88909443281591
2024-05-26 23:34:41+00:00,1.3083830662071705,103.88921638950706
2024-05-26 23:34:43+00:00,1.3083595968782902,103.88926181942225
2024-05-26 23:34:45+00:00,1.3083629496395588,103.88929626904428
2024-05-26 23:34:51+00:00,1.3084481935948133,103.88946851715446
2024-05-26 23:34:52+00:00,1.3084611855447292,103.88950263150036
2024-05-26 23:34:57+00:00,1.3085035979747772,103.88969885185361
2024-05-26 23:34:58+00:00,1.3085072860121727,103.88973321765661
2024-05-26 23:35:02+00:00,1.3085401430726051,103.88983078300953
2024-05-26 23:35:03+00:00,1.3085584994405508,103.88985626399517
2024-05-26 23:35:04+00:00,1.3085680548101664,103.88988518156111
2024-05-26 23:35:07+00:00,1.308586746454239,103.8899739459157
2024-05-26 23:35:13+00:00,1.3086219504475594,103.89016346074641
2024-05-26 23:35:14+00:00,1.3086221180856228,103.890196736902
2024-05-26 23:35:20+00:00,1.308628236874938,103.89037929475307
2024-05-26 23:35:25+00:00,1.3086312543600798,103.89053788036108
2024-05-26 23:35:31+00:00,1.3086663745343685,103.8907179236412
2024-05-26 23:35:34+00:00,1.3086896762251854,103.89076209627092
2024-05-26 23:35:35+00:00,1.308698058128357,103.89077425003052
2024-05-26 23:35:39+00:00,1.3087431527674198,103.89081976376474
2024-05-26 23:35:41+00:00,1.3087670411914587,103.89083744958043
2024-05-26 23:35:44+00:00,1.3087826315313578,103.89087458141148
2024-05-26 23:35:45+00:00,1.308788750320673,103.89088665135205
2024-05-26 23:35:48+00:00,1.3088039215654135,103.89092319644988
2024-05-26 23:35:49+00:00,1.308789923787117,103.8909462466836
2024-05-26 23:35:58+00:00,1.3088001497089863,103.89113358221948
2024-05-26 23:36:04+00:00,1.308799060061574,103.89129443094134
2024-05-26 23:36:10+00:00,1.3088314980268478,103.89145175926387
2024-05-26 23:36:16+00:00,1.3088497705757618,103.8916405197233
2024-05-26 23:36:18+00:00,1.3088642712682486,103.89170807786286
2024-05-26 23:36:24+00:00,1.308913640677929,103.89189675450325
2024-05-26 23:36:30+00:00,1.3089488446712494,103.89208476059139
2024-05-26 23:36:36+00:00,1.3089997228235006,103.8922827411443
2024-05-26 23:36:39+00:00,1.3090110383927822,103.89238516800106
2024-05-26 23:36:46+00:00,1.3090787641704082,103.89253268949687
2024-05-26 23:36:47+00:00,1.309070298448205,103.89255188405514
2024-05-26 23:36:50+00:00,1.3090211804956198,103.89263209886849
2024-05-26 23:36:51+00:00,1.3090139720588923,103.89266327954829
2024-05-26 23:36:53+00:00,1.3090347591787577,103.8927267305553
2024-05-26 23:36:57+00:00,1.3091157283633947,103.89281147159636
2024-05-26 23:37:03+00:00,1.3091604877263308,103.89298824593425
2024-05-26 23:37:09+00:00,1.3091777544468641,103.89318706467748
2024-05-26 23:37:10+00:00,1.3091923389583826,103.89322268776596
2024-05-26 23:37:16+00:00,1.3092418760061264,103.89340918511152
2024-05-26 23:37:18+00:00,1.3092539459466934,103.89347816817462
2024-05-26 23:37:25+00:00,1.3093154691159725,103.89367095194757
2024-05-26 23:37:30+00:00,1.3093475718051195,103.89379751868546
2024-05-26 23:37:37+00:00,1.309369197115302,103.89399063773453
2024-05-26 23:37:44+00:00,1.309418398886919,103.89416766352952
2024-05-26 23:37:45+00:00,1.3094223383814096,103.89418736100197
2024-05-26 23:37:48+00:00,1.3094267807900906,103.89425198547542
2024-05-26 23:37:50+00:00,1.3094102684408426,103.8942926377058
2024-05-26 23:37:55+00:00,1.3093739748001099,103.89435541816056
2024-05-26 23:38:01+00:00,1.309358635917306,103.89437125995755
2024-05-26 23:38:09+00:00,1.3093258626759052,103.8943840842694
2024-05-26 23:38:16+00:00,1.3092908263206482,103.8944255746901
2024-05-26 23:38:24+00:00,1.3093066681176424,103.89441819861531
2024-05-26 23:38:31+00:00,1.309291161596775,103.89442356303334
2024-05-26 23:38:41+00:00,1.309269368648529,103.89442892745137
2024-05-26 23:38:51+00:00,1.3092958554625511,103.89441794715822
2024-05-26 23:39:01+00:00,1.3092949334532022,103.8944102358073
2024-05-26 23:39:10+00:00,1.3092934247106314,103.89440688304603
2024-05-26 23:39:17+00:00,1.30931387655437,103.89439498074353
2024-05-26 23:39:27+00:00,1.3093693647533655,103.8944017700851
2024-05-26 23:39:29+00:00,1.3093751482665539,103.89442272484303
2024-05-26 23:39:34+00:00,1.3094577938318253,103.89455096796155
2024-05-26 23:39:39+00:00,1.3095001224428415,103.89470209367573
2024-05-26 23:39:45+00:00,1.3095000386238098,103.89488481916487
2024-05-26 23:39:46+00:00,1.3095007929950953,103.89491038396955
2024-05-26 23:39:53+00:00,1.309509677812457,103.89510719105601
2024-05-26 23:39:59+00:00,1.3095202390104532,103.89526435174048
2024-05-26 23:40:06+00:00,1.309516467154026,103.89543534256518
2024-05-26 23:40:12+00:00,1.3095046486705542,103.89553508721292
2024-05-26 23:40:13+00:00,1.3095030561089516,103.89555377885699
